设备名称,电压,版本,片上时间,加速度X(g),加速度Y(g),加速度Z(g),角速度X(°/s),角速度Y(°/s),角速度Z(°/s),角度X(°),角度Y(°),角度Z(°),磁场X,磁场Y,磁场Z,四元数0,四元数1,四元数2,四元数3,状态
WT1(E604078EA627),3.91,13104, 2021-05-17 20:37:51.079,1.03,0.013999999999999999,-0.049,1.77,2.93,0.732,170.898,-86.52799999999999,76.503,0.0,0.0,0.0,0.0,0.0,0.0,0.0,
WT2(D8:09:BF:40:2B:C3),3.95,13103, 2021-05-17 20:37:51.115,0.973,-0.253,0.052000000000000005,6.47,-0.061,1.709,-76.34899999999999,-74.048,-151.732,0.0,0.0,0.0,0.0,0.0,0.0,0.0,
WT1(E604078EA627),3.91,13104, 2021-05-17 20:37:51.176,1.033,0.011000000000000001,-0.059000000000000004,8.301,4.211,-1.4040000000000001,169.574,-86.836,78.03,0.0,0.0,0.0,0.0,0.0,0.0,0.0,
WT2(D8:09:BF:40:2B:C3),3.95,13103, 2021-05-17 20:37:51.220,0.983,-0.253,0.049,5.188,0.061,3.418,-76.443,-73.817,-150.326,0.0,0.0,0.0,0.0,0.0,0.0,0.0,
WT1(E604078EA627),3.91,13104, 2021-05-17 20:37:51.311,1.025,0.018000000000000002,-0.057999999999999996,5.737,2.441,-1.465,165.954,-87.166,82.134,0.0,0.0,0.0,0.0,0.0,0.0,0.0,
WT2(D8:09:BF:40:2B:C3),3.95,13103, 2021-05-17 20:37:51.313,0.978,-0.259,0.05,5.737,0.8540000000000001,3.54,-76.333,-73.531,-149.112,0.0,0.0,0.0,0.0,0.0,0.0,0.0,
WT1(E604078EA627),3.91,13104, 2021-05-17 20:37:51.384,1.036,0.01,-0.047,6.47,2.258,-2.747,161.483,-87.38,86.99,0.0,0.0,0.0,0.0,0.0,0.0,0.0,
WT2(D8:09:BF:40:2B:C3),3.95,13103, 2021-05-17 20:37:51.422,0.99,-0.256,0.05,7.385,-0.305,1.709,-76.069,-73.416,-148.019,0.0,0.0,0.0,0.0,0.0,0.0,0.0,
WT1(E604078EA627),3.91,13104, 2021-05-17 20:37:51.474,1.0190000000000001,-0.003,-0.051,1.2209999999999999,-0.183,-0.366,158.78,-87.45700000000001,90.071,0.0,0.0,0.0,0.0,0.0,0.0,0.0,
WT2(D8:09:BF:40:2B:C3),3.95,13103, 2021-05-17 20:37:51.542,0.9690000000000001,-0.275,0.049,2.0140000000000002,0.122,1.953,-75.795,-73.345,-147.096,0.0,0.0,0.0,0.0,0.0,0.0,0.0,
WT1(E604078EA627),3.91,13104, 2021-05-17 20:37:51.579,1.033,0.01,-0.055999999999999994,2.441,0.977,0.0,157.95600000000002,-87.45100000000001,91.214,0.0,0.0,0.0,0.0,0.0,0.0,0.0,
WT2(D8:09:BF:40:2B:C3),3.95,13103, 2021-05-17 20:37:51.625,0.9790000000000001,-0.244,0.063,1.6480000000000001,0.732,-0.183,-75.443,-73.444,-146.29399999999998,0.0,0.0,0.0,0.0,0.0,0.0,0.0,
WT1(E604078EA627),3.91,13104, 2021-05-17 20:37:51.684,1.0290000000000001,0.021,-0.06,7.446000000000001,-6.165,-2.502,157.297,-87.14399999999999,92.296,0.0,0.0,0.0,0.0,0.0,0.0,0.0,
WT2(D8:09:BF:40:2B:C3),3.95,13103, 2021-05-17 20:37:51.718,0.978,-0.233,0.061,3.052,0.732,-4.0889999999999995,-74.756,-73.757,-145.92600000000002,0.0,0.0,0.0,0.0,0.0,0.0,0.0,
WT1(E604078EA627),3.91,13104, 2021-05-17 20:37:51.806,1.025,0.031,-0.086,2.197,-9.033,-1.831,159.868,-86.29799999999999,89.637,0.0,0.0,0.0,0.0,0.0,0.0,0.0,
WT2(D8:09:BF:40:2B:C3),3.95,13103, 2021-05-17 20:37:51.820,0.986,-0.249,0.062,-2.197,1.4040000000000001,-8.179,-73.735,-74.46,-146.47,0.0,0.0,0.0,0.0,0.0,0.0,0.0,
WT1(E604078EA627),3.91,13104, 2021-05-17 20:37:51.879,1.018,0.043,-0.09300000000000001,2.197,-13.306,-3.4789999999999996,162.109,-85.166,87.056,0.0,0.0,0.0,0.0,0.0,0.0,0.0,
WT2(D8:09:BF:40:2B:C3),3.95,13103, 2021-05-17 20:37:51.913,0.985,-0.23,0.061,-1.3430000000000002,2.502,-11.597000000000001,-71.834,-75.454,-148.211,0.0,0.0,0.0,0.0,0.0,0.0,0.0,
WT1(E604078EA627),3.91,13104, 2021-05-17 20:37:51.984,1.0270000000000001,0.037000000000000005,-0.098,-3.052,-13.732999999999999,-3.174,162.768,-83.705,85.941,0.0,0.0,0.0,0.0,0.0,0.0,0.0,
WT2(D8:09:BF:40:2B:C3),3.95,13103, 2021-05-17 20:37:52.022,0.993,-0.215,0.054000000000000006,-6.042000000000001,4.5169999999999995,-11.169,-69.291,-76.558,-150.71,0.0,0.0,0.0,0.0,0.0,0.0,0.0,
WT1(E604078EA627),3.91,13104, 2021-05-17 20:37:52.090,1.044,0.037000000000000005,-0.113,0.732,-10.864,-3.6010000000000004,163.037,-82.535,85.29799999999999,0.0,0.0,0.0,0.0,0.0,0.0,0.0,
WT2(D8:09:BF:40:2B:C3),3.95,13103, 2021-05-17 20:37:52.098,1.001,-0.18600000000000003,0.065,-4.333,2.93,-10.254000000000001,-66.52199999999999,-77.509,-153.578,0.0,0.0,0.0,0.0,0.0,0.0,0.0,
WT2(D8:09:BF:40:2B:C3),3.95,13103, 2021-05-17 20:37:52.193,0.995,-0.174,0.063,-1.953,0.977,-7.08,-64.188,-78.305,-155.841,0.0,0.0,0.0,0.0,0.0,0.0,0.0,
WT1(E604078EA627),3.91,13104, 2021-05-17 20:37:52.208,1.031,0.004,-0.127,-2.0140000000000002,-9.155,1.3430000000000002,164.592,-81.793,83.134,0.0,0.0,0.0,0.0,0.0,0.0,0.0,
WT1(E604078EA627),3.91,13104, 2021-05-17 20:37:52.284,0.976,0.06,-0.15,-2.38,-10.742,1.587,167.75599999999997,-81.123,78.777,0.0,0.0,0.0,0.0,0.0,0.0,0.0,
WT2(D8:09:BF:40:2B:C3),3.95,13103, 2021-05-17 20:37:52.299,0.95,-0.20800000000000002,0.05,-12.573,0.9159999999999999,-8.85,-62.93,-79.008,-158.28,0.0,0.0,0.0,0.0,0.0,0.0,0.0,
WT1(E604078EA627),3.91,13104, 2021-05-17 20:37:52.395,1.016,0.075,-0.19,-3.174,-15.625,-2.197,168.497,-79.76100000000001,77.509,0.0,0.0,0.0,0.0,0.0,0.0,0.0,
WT2(D8:09:BF:40:2B:C3),3.95,13103, 2021-05-17 20:37:52.405,1.004,-0.16,0.077,-6.47,2.563,-13.732999999999999,-59.211000000000006,-80.063,-162.576,0.0,0.0,0.0,0.0,0.0,0.0,0.0,
WT1(E604078EA627),3.91,13104, 2021-05-17 20:37:52.493,1.016,0.07,-0.188,-3.2960000000000003,-16.663,-4.7,167.62900000000002,-78.014,78.063,0.0,0.0,0.0,0.0,0.0,0.0,0.0,
WT2(D8:09:BF:40:2B:C3),3.95,13103, 2021-05-17 20:37:52.499,1.001,-0.13699999999999998,0.087,-4.7,5.797999999999999,-14.954,-52.048,-81.134,-170.019,0.0,0.0,0.0,0.0,0.0,0.0,0.0,
WT2(D8:09:BF:40:2B:C3),3.95,13103, 2021-05-17 20:37:52.594,1.002,-0.124,0.084,-8.057,6.775,-15.015,-42.528,-81.881,179.81900000000002,0.0,0.0,0.0,0.0,0.0,0.0,0.0,
WT1(E604078EA627),3.91,13104, 2021-05-17 20:37:52.599,1.0090000000000001,0.053,-0.21,-10.315,-15.015,-5.737,166.042,-76.41,78.92,0.0,0.0,0.0,0.0,0.0,0.0,0.0,
WT2(D8:09:BF:40:2B:C3),3.95,13103, 2021-05-17 20:37:52.703,1.004,-0.066,0.10300000000000001,-10.254000000000001,7.813,-12.573,-32.042,-82.194,168.838,0.0,0.0,0.0,0.0,0.0,0.0,0.0,
WT1(E604078EA627),3.91,13104, 2021-05-17 20:37:52.765,0.99,0.049,-0.22399999999999998,-4.822,-15.869000000000002,-5.31,164.734,-74.91,79.475,0.0,0.0,0.0,0.0,0.0,0.0,0.0,
WT2(D8:09:BF:40:2B:C3),3.95,13103, 2021-05-17 20:37:52.800,1.0270000000000001,-0.021,0.122,-17.639,6.165,-5.432,-24.988000000000003,-82.057,160.944,0.0,0.0,0.0,0.0,0.0,0.0,0.0,
WT1(E604078EA627),3.91,13104, 2021-05-17 20:37:52.801,1.0170000000000001,0.055,-0.278,2.441,-7.751,-2.136,164.33900000000003,-73.499,79.096,0.0,0.0,0.0,0.0,0.0,0.0,0.0,
WT1(E604078EA627),3.91,13104, 2021-05-17 20:37:52.915,0.993,0.052000000000000005,-0.322,7.385,-8.728,-2.258,164.41,-72.762,78.695,0.0,0.0,0.0,0.0,0.0,0.0,0.0,
WT2(D8:09:BF:40:2B:C3),3.95,13103, 2021-05-17 20:37:52.924,0.997,-0.011000000000000001,0.12,-13.123,2.991,-7.202000000000001,-19.089000000000002,-82.01799999999999,154.594,0.0,0.0,0.0,0.0,0.0,0.0,0.0,
WT1(E604078EA627),3.91,13104, 2021-05-17 20:37:53.004,0.998,0.078,-0.33299999999999996,-3.906,-12.450999999999999,0.488,165.35,-71.719,78.05199999999999,0.0,0.0,0.0,0.0,0.0,0.0,0.0,
WT2(D8:09:BF:40:2B:C3),3.95,13103, 2021-05-17 20:37:53.011,0.998,-0.004,0.122,-9.583,2.319,-9.338,-12.618,-82.12299999999999,147.909,0.0,0.0,0.0,0.0,0.0,0.0,0.0,
WT2(D8:09:BF:40:2B:C3),3.95,13103, 2021-05-17 20:37:53.087,0.992,0.008,0.141,-15.137,3.4789999999999996,-11.414000000000001,-4.592,-82.084,139.438,0.0,0.0,0.0,0.0,0.0,0.0,0.0,
WT1(E604078EA627),3.91,13104, 2021-05-17 20:37:53.139,0.987,0.11199999999999999,-0.324,-1.6480000000000001,-14.038,-2.502,165.65200000000002,-70.56,77.432,0.0,0.0,0.0,0.0,0.0,0.0,0.0,
WT1(E604078EA627),3.91,13104, 2021-05-17 20:37:53.229,0.953,0.08800000000000001,-0.34299999999999997,-2.93,-15.442,-4.883,165.19,-69.137,77.59100000000001,0.0,0.0,0.0,0.0,0.0,0.0,0.0,
WT2(D8:09:BF:40:2B:C3),3.95,13103, 2021-05-17 20:37:53.293,1.001,0.062,0.158,-10.193,6.226,-12.817,10.948,-80.90899999999999,122.646,0.0,0.0,0.0,0.0,0.0,0.0,0.0,
WT2(D8:09:BF:40:2B:C3),3.95,13103, 2021-05-17 20:37:53.398,0.988,0.053,0.155,-17.273,6.409,-11.536,16.15,-80.046,116.411,0.0,0.0,0.0,0.0,0.0,0.0,0.0,
WT2(D8:09:BF:40:2B:C3),3.95,13103, 2021-05-17 20:37:53.488,0.988,0.042,0.162,-11.902000000000001,4.15,-10.62,20.132,-79.27199999999999,111.45100000000001,0.0,0.0,0.0,0.0,0.0,0.0,0.0,
WT2(D8:09:BF:40:2B:C3),3.95,13103, 2021-05-17 20:37:53.599,1.003,0.08800000000000001,0.16899999999999998,-11.597000000000001,5.31,-9.888,24.258000000000003,-78.492,106.78200000000001,0.0,0.0,0.0,0.0,0.0,0.0,0.0,
WT1(E604078EA627),3.91,13104, 2021-05-17 20:37:53.619,0.9490000000000001,0.113,-0.364,-10.315,-13.489,-2.625,164.482,-67.725,77.52,0.0,0.0,0.0,0.0,0.0,0.0,0.0,
WT1(E604078EA627),3.91,13104, 2021-05-17 20:37:53.627,0.963,0.125,-0.392,-8.667,-9.827,-1.2819999999999998,163.916,-66.58800000000001,77.075,0.0,0.0,0.0,0.0,0.0,0.0,0.0,
WT1(E604078EA627),3.91,13104, 2021-05-17 20:37:53.650,0.938,0.126,-0.405,-2.625,-12.512,-2.38,163.82299999999998,-65.495,76.685,0.0,0.0,0.0,0.0,0.0,0.0,0.0,
WT1(E604078EA627),3.91,13104, 2021-05-17 20:37:53.650,0.9420000000000001,0.126,-0.423,-0.6709999999999999,-10.376,-2.747,163.72899999999998,-64.27,76.437,0.0,0.0,0.0,0.0,0.0,0.0,0.0,
WT2(D8:09:BF:40:2B:C3),3.95,13103, 2021-05-17 20:37:53.697,0.992,0.132,0.182,-7.263,5.188,-8.911,27.394000000000002,-77.679,103.26,0.0,0.0,0.0,0.0,0.0,0.0,0.0,
WT1(E604078EA627),3.91,13104, 2021-05-17 20:37:53.740,0.914,0.125,-0.45299999999999996,9.705,-7.141,-4.211,163.658,-63.25899999999999,76.465,0.0,0.0,0.0,0.0,0.0,0.0,0.0,
WT2(D8:09:BF:40:2B:C3),3.95,13103, 2021-05-17 20:37:53.770,0.981,0.16399999999999998,0.201,-16.724,8.301,-8.972000000000001,29.982,-76.70100000000001,100.19,0.0,0.0,0.0,0.0,0.0,0.0,0.0,
WT1(E604078EA627),3.91,13104, 2021-05-17 20:37:53.834,0.9079999999999999,0.141,-0.449,-0.7929999999999999,-13.489,-5.31,162.861,-62.051,76.679,0.0,0.0,0.0,0.0,0.0,0.0,0.0,
WT2(D8:09:BF:40:2B:C3),3.95,13103, 2021-05-17 20:37:53.879,0.975,0.17,0.21,-15.503,9.094,-9.216000000000001,31.24,-75.58,97.976,0.0,0.0,0.0,0.0,0.0,0.0,0.0,
WT1(E604078EA627),3.91,13104, 2021-05-17 20:37:53.904,0.9009999999999999,0.125,-0.47200000000000003,10.193,-8.667,-5.615,162.38299999999998,-60.875,76.75,0.0,0.0,0.0,0.0,0.0,0.0,0.0,
WT2(D8:09:BF:40:2B:C3),3.95,13103, 2021-05-17 20:37:53.971,0.9840000000000001,0.214,0.23800000000000002,-17.456,9.155,-9.216000000000001,32.723,-74.509,95.949,0.0,0.0,0.0,0.0,0.0,0.0,0.0,
WT1(E604078EA627),3.91,13104, 2021-05-17 20:37:54.054,0.898,0.17300000000000001,-0.516,-0.488,-10.802999999999999,-5.615,161.768,-59.727,77.217,0.0,0.0,0.0,0.0,0.0,0.0,0.0,
WT2(D8:09:BF:40:2B:C3),3.95,13103, 2021-05-17 20:37:54.079,0.9620000000000001,0.168,0.228,-15.808,8.85,-11.658,33.618,-73.257,94.191,0.0,0.0,0.0,0.0,0.0,0.0,0.0,
WT2(D8:09:BF:40:2B:C3),3.95,13103, 2021-05-17 20:37:54.171,0.929,0.162,0.24600000000000002,-9.644,5.492999999999999,-12.145999999999999,34.986,-71.993,91.92299999999999,0.0,0.0,0.0,0.0,0.0,0.0,0.0,
WT1(E604078EA627),3.91,13104, 2021-05-17 20:37:54.205,0.882,0.161,-0.505,-5.127000000000001,-14.709000000000001,-4.333,161.065,-58.211000000000006,77.124,0.0,0.0,0.0,0.0,0.0,0.0,0.0,
WT1(E604078EA627),3.91,13104, 2021-05-17 20:37:54.218,0.863,0.138,-0.515,43.701,-13.672,-8.728,162.493,-56.843,76.943,0.0,0.0,0.0,0.0,0.0,0.0,0.0,
WT2(D8:09:BF:40:2B:C3),3.95,13103, 2021-05-17 20:37:54.284,0.97,0.243,0.267,-20.996,5.859,-8.545,38.985,-71.301,88.57700000000001,0.0,0.0,0.0,0.0,0.0,0.0,0.0,
WT1(E604078EA627),3.91,13104, 2021-05-17 20:37:54.368,0.841,0.17,-0.541,4.944,-7.385,-1.6480000000000001,162.96,-55.81100000000001,76.685,0.0,0.0,0.0,0.0,0.0,0.0,0.0,
WT2(D8:09:BF:40:2B:C3),3.95,13103, 2021-05-17 20:37:54.373,0.9390000000000001,0.295,0.287,-18.372,6.7139999999999995,-7.751,39.111,-70.378,87.012,0.0,0.0,0.0,0.0,0.0,0.0,0.0,
WT1(E604078EA627),3.91,13104, 2021-05-17 20:37:54.459,0.8490000000000001,0.23800000000000002,-0.5589999999999999,0.5489999999999999,-8.301,-3.4789999999999996,162.59799999999998,-54.976000000000006,76.794,0.0,0.0,0.0,0.0,0.0,0.0,0.0,
WT2(D8:09:BF:40:2B:C3),3.95,13103, 2021-05-17 20:37:54.572,0.951,0.188,0.27,-9.155,7.385,-7.813,41.506,-68.687,84.47399999999999,0.0,0.0,0.0,0.0,0.0,0.0,0.0,
WT1(E604078EA627),3.91,13104, 2021-05-17 20:37:54.624,0.8440000000000001,0.133,-0.612,-13.123,-9.033,-2.6860000000000004,163.422,-53.678999999999995,77.62899999999999,0.0,0.0,0.0,0.0,0.0,0.0,0.0,
WT1(E604078EA627),3.91,13104, 2021-05-17 20:37:54.630,0.831,0.149,-0.61,-11.169,-15.015,-3.113,163.054,-52.641000000000005,77.87100000000001,0.0,0.0,0.0,0.0,0.0,0.0,0.0,
WT2(D8:09:BF:40:2B:C3),3.95,13103, 2021-05-17 20:37:54.679,0.938,0.25,0.275,-5.553999999999999,8.545,-10.62,41.633,-67.533,83.29299999999999,0.0,0.0,0.0,0.0,0.0,0.0,0.0,
WT2(D8:09:BF:40:2B:C3),3.95,13103, 2021-05-17 20:37:54.771,0.9259999999999999,0.266,0.28600000000000003,10.315,8.24,-11.353,41.353,-66.083,82.485,0.0,0.0,0.0,0.0,0.0,0.0,0.0,
WT1(E604078EA627),3.91,13104, 2021-05-17 20:37:54.804,0.8009999999999999,0.18100000000000002,-0.622,5.553999999999999,-12.695,-7.568,161.845,-51.378,77.877,0.0,0.0,0.0,0.0,0.0,0.0,0.0,
WT1(E604078EA627),3.91,13104, 2021-05-17 20:37:54.820,0.792,0.14300000000000002,-0.624,-5.188,-11.536,-8.362,160.637,-49.988,78.734,0.0,0.0,0.0,0.0,0.0,0.0,0.0,
WT1(E604078EA627),3.91,13104, 2021-05-17 20:37:54.924,0.7929999999999999,0.126,-0.632,-7.996,-13.794,-6.531000000000001,159.692,-48.538000000000004,79.217,0.0,0.0,0.0,0.0,0.0,0.0,0.0,
WT2(D8:09:BF:40:2B:C3),3.95,13103, 2021-05-17 20:37:54.976,0.903,0.28600000000000003,0.33299999999999996,7.935,8.789,-10.376,40.424,-63.023,81.238,0.0,0.0,0.0,0.0,0.0,0.0,0.0,
WT1(E604078EA627),3.91,13104, 2021-05-17 20:37:55.045,0.767,0.225,-0.621,-7.019,-10.559000000000001,-5.005,159.12,-47.379,79.508,0.0,0.0,0.0,0.0,0.0,0.0,0.0,
WT2(D8:09:BF:40:2B:C3),3.95,13103, 2021-05-17 20:37:55.085,0.9009999999999999,0.341,0.353,0.8540000000000001,6.5920000000000005,-7.019,40.298,-61.771,80.464,0.0,0.0,0.0,0.0,0.0,0.0,0.0,
WT1(E604078EA627),3.91,13104, 2021-05-17 20:37:55.134,0.741,0.222,-0.653,-3.845,-6.897,-4.0889999999999995,158.483,-46.608999999999995,79.706,0.0,0.0,0.0,0.0,0.0,0.0,0.0,
WT2(D8:09:BF:40:2B:C3),3.95,13103, 2021-05-17 20:37:55.175,0.882,0.327,0.366,1.587,5.188,-6.7139999999999995,40.078,-60.836999999999996,79.805,0.0,0.0,0.0,0.0,0.0,0.0,0.0,
WT1(E604078EA627),3.91,13104, 2021-05-17 20:37:55.256,0.6970000000000001,0.22899999999999998,-0.645,3.54,-6.104,-1.099,158.555,-45.818000000000005,79.503,0.0,0.0,0.0,0.0,0.0,0.0,0.0,
WT2(D8:09:BF:40:2B:C3),3.95,13103, 2021-05-17 20:37:55.314,0.8140000000000001,0.259,0.332,4.944,0.244,-7.202000000000001,40.413000000000004,-60.068000000000005,78.788,0.0,0.0,0.0,0.0,0.0,0.0,0.0,
WT1(E604078EA627),3.91,13104, 2021-05-17 20:37:55.329,0.7170000000000001,0.207,-0.6409999999999999,16.541,-0.7929999999999999,-0.122,158.708,-45.247,79.283,0.0,0.0,0.0,0.0,0.0,0.0,0.0,
WT2(D8:09:BF:40:2B:C3),3.95,13103, 2021-05-17 20:37:55.359,0.853,0.344,0.34299999999999997,11.353,-1.2209999999999999,-2.8689999999999998,40.82,-59.727,77.827,0.0,0.0,0.0,0.0,0.0,0.0,0.0,
WT1(E604078EA627),3.91,13104, 2021-05-17 20:37:55.434,0.713,0.292,-0.657,11.292,2.075,-1.099,158.769,-45.148,79.354,0.0,0.0,0.0,0.0,0.0,0.0,0.0,
WT2(D8:09:BF:40:2B:C3),3.95,13103, 2021-05-17 20:37:55.452,0.848,0.402,0.381,6.7139999999999995,0.061,-1.709,41.028,-59.611999999999995,76.937,0.0,0.0,0.0,0.0,0.0,0.0,0.0,
WT1(E604078EA627),3.91,13104, 2021-05-17 20:37:55.540,0.6990000000000001,0.258,-0.591,6.7139999999999995,-0.244,-1.465,158.714,-45.33,79.585,0.0,0.0,0.0,0.0,0.0,0.0,0.0,
WT2(D8:09:BF:40:2B:C3),3.95,13103, 2021-05-17 20:37:55.561,0.8170000000000001,0.27699999999999997,0.336,-1.526,-0.977,2.0140000000000002,40.616,-59.7,76.84899999999999,0.0,0.0,0.0,0.0,0.0,0.0,0.0,
WT1(E604078EA627),3.91,13104, 2021-05-17 20:37:55.644,0.7290000000000001,0.282,-0.625,0.122,1.465,-0.9159999999999999,159.17,-45.632,79.794,0.0,0.0,0.0,0.0,0.0,0.0,0.0,
WT2(D8:09:BF:40:2B:C3),3.95,13103, 2021-05-17 20:37:55.654,0.878,0.35,0.35200000000000004,7.263,-4.5169999999999995,4.822,41.126999999999995,-60.07899999999999,76.459,0.0,0.0,0.0,0.0,0.0,0.0,0.0,
WT1(E604078EA627),3.91,13104, 2021-05-17 20:37:55.734,0.7340000000000001,0.268,-0.669,-3.235,6.653,2.075,159.208,-46.187,79.882,0.0,0.0,0.0,0.0,0.0,0.0,0.0,
WT2(D8:09:BF:40:2B:C3),3.95,13103, 2021-05-17 20:37:55.763,0.87,0.38799999999999996,0.38799999999999996,1.953,-2.563,4.822,41.199,-60.54600000000001,76.24,0.0,0.0,0.0,0.0,0.0,0.0,0.0,
WT1(E604078EA627),3.91,13104, 2021-05-17 20:37:55.841,0.753,0.192,-0.607,-26.366999999999997,7.996,8.24,158.73,-46.906000000000006,79.83800000000001,0.0,0.0,0.0,0.0,0.0,0.0,0.0,
WT2(D8:09:BF:40:2B:C3),3.95,13103, 2021-05-17 20:37:55.856,0.872,0.33799999999999997,0.392,-16.907,-2.6860000000000004,7.324,40.908,-61.172,76.13,0.0,0.0,0.0,0.0,0.0,0.0,0.0,
WT1(E604078EA627),3.91,13104, 2021-05-17 20:37:55.943,0.762,0.21600000000000003,-0.595,-12.024000000000001,15.686,13.855,159.23,-48.56,79.266,0.0,0.0,0.0,0.0,0.0,0.0,0.0,
WT2(D8:09:BF:40:2B:C3),3.95,13103, 2021-05-17 20:37:55.949,0.882,0.363,0.379,-8.301,-8.85,13.55,40.968,-62.617,76.163,0.0,0.0,0.0,0.0,0.0,0.0,0.0,
WT2(D8:09:BF:40:2B:C3),3.95,13103, 2021-05-17 20:37:56.055,0.887,0.305,0.33399999999999996,-6.775,-5.797999999999999,13.977,41.446000000000005,-64.352,76.426,0.0,0.0,0.0,0.0,0.0,0.0,0.0,
WT1(E604078EA627),3.91,13104, 2021-05-17 20:37:56.064,0.7709999999999999,0.242,-0.6459999999999999,-0.061,16.968,7.996,160.637,-50.394,79.426,0.0,0.0,0.0,0.0,0.0,0.0,0.0,
WT1(E604078EA627),3.91,13104, 2021-05-17 20:37:56.154,0.779,0.193,-0.568,6.957999999999999,14.282,3.54,161.109,-51.746,79.876,0.0,0.0,0.0,0.0,0.0,0.0,0.0,
WT2(D8:09:BF:40:2B:C3),3.95,13103, 2021-05-17 20:37:56.178,0.87,0.265,0.3,0.61,-5.981,13.855,41.347,-65.808,77.618,0.0,0.0,0.0,0.0,0.0,0.0,0.0,
WT2(D8:09:BF:40:2B:C3),3.95,13103, 2021-05-17 20:37:56.258,0.897,0.19399999999999998,0.259,-0.488,-6.775,19.592,40.666,-67.505,79.27199999999999,0.0,0.0,0.0,0.0,0.0,0.0,0.0,
WT1(E604078EA627),3.91,13104, 2021-05-17 20:37:56.303,0.8170000000000001,0.201,-0.519,9.216000000000001,19.165,4.0280000000000005,161.60299999999998,-53.613,80.431,0.0,0.0,0.0,0.0,0.0,0.0,0.0,
WT1(E604078EA627),3.91,13104, 2021-05-17 20:37:56.353,0.8270000000000001,0.136,-0.556,5.553999999999999,17.7,1.587,161.955,-55.772,81.244,0.0,0.0,0.0,0.0,0.0,0.0,0.0,
WT2(D8:09:BF:40:2B:C3),3.95,13103, 2021-05-17 20:37:56.383,0.9009999999999999,0.223,0.24100000000000002,2.0140000000000002,-6.836,19.531,39.161,-69.417,82.12299999999999,0.0,0.0,0.0,0.0,0.0,0.0,0.0,
WT2(D8:09:BF:40:2B:C3),3.95,13103, 2021-05-17 20:37:56.460,0.935,0.17600000000000002,0.205,13.794,-12.450999999999999,18.921,38.304,-71.125,84.721,0.0,0.0,0.0,0.0,0.0,0.0,0.0,
WT1(E604078EA627),3.91,13104, 2021-05-17 20:37:56.530,0.917,0.18,-0.5589999999999999,8.484,11.597000000000001,2.258,162.96,-57.31,81.771,0.0,0.0,0.0,0.0,0.0,0.0,0.0,
WT2(D8:09:BF:40:2B:C3),3.95,13103, 2021-05-17 20:37:56.552,0.9079999999999999,0.172,0.21100000000000002,23.438000000000002,-8.606,13.0,38.309,-72.631,86.572,0.0,0.0,0.0,0.0,0.0,0.0,0.0,
WT1(E604078EA627),3.91,13104, 2021-05-17 20:37:56.574,0.88,0.17600000000000002,-0.502,-15.32,10.62,1.6480000000000001,163.922,-58.771,82.491,0.0,0.0,0.0,0.0,0.0,0.0,0.0,
WT1(E604078EA627),3.91,13104, 2021-05-17 20:37:56.665,0.88,0.192,-0.461,-1.587,17.822,2.258,164.053,-60.266000000000005,82.97399999999999,0.0,0.0,0.0,0.0,0.0,0.0,0.0,
WT2(D8:09:BF:40:2B:C3),3.95,13103, 2021-05-17 20:37:56.679,0.975,0.162,0.201,21.423000000000002,-6.5920000000000005,15.93,36.277,-74.009,89.57700000000001,0.0,0.0,0.0,0.0,0.0,0.0,0.0,
WT2(D8:09:BF:40:2B:C3),3.95,13103, 2021-05-17 20:37:56.799,1.004,0.138,0.171,14.16,-8.362,22.217,32.289,-75.575,94.37799999999999,0.0,0.0,0.0,0.0,0.0,0.0,0.0,
WT1(E604078EA627),3.91,13104, 2021-05-17 20:37:56.830,0.975,0.23,-0.536,-27.465999999999998,31.738000000000003,6.47,163.141,-62.408,83.79299999999999,0.0,0.0,0.0,0.0,0.0,0.0,0.0,
WT1(E604078EA627),3.91,13104, 2021-05-17 20:37:56.859,0.965,0.223,-0.505,28.259,21.912,-0.5489999999999999,161.94899999999998,-64.781,83.89200000000001,0.0,0.0,0.0,0.0,0.0,0.0,0.0,
WT2(D8:09:BF:40:2B:C3),3.95,13103, 2021-05-17 20:37:56.861,0.899,-0.14300000000000002,0.152,2.136,-8.911,22.766,22.791,-76.794,102.51299999999999,0.0,0.0,0.0,0.0,0.0,0.0,0.0,
WT1(E604078EA627),3.91,13104, 2021-05-17 20:37:56.964,0.929,0.11599999999999999,-0.271,27.405,8.118,-6.165,161.92700000000002,-66.484,85.34200000000001,0.0,0.0,0.0,0.0,0.0,0.0,0.0,
WT2(D8:09:BF:40:2B:C3),3.95,13103, 2021-05-17 20:37:56.975,0.902,-0.159,0.15,5.127000000000001,-4.456,21.545,17.523,-78.217,109.99,0.0,0.0,0.0,0.0,0.0,0.0,0.0,
WT2(D8:09:BF:40:2B:C3),3.95,13103, 2021-05-17 20:37:57.034,0.985,0.031,0.172,-5.066,-4.15,23.131999999999998,9.904,-79.59,120.339,0.0,0.0,0.0,0.0,0.0,0.0,0.0,
WT1(E604078EA627),3.91,13104, 2021-05-17 20:37:57.068,0.899,0.153,-0.312,-5.492999999999999,27.039,2.319,161.279,-68.939,87.264,0.0,0.0,0.0,0.0,0.0,0.0,0.0,
WT2(D8:09:BF:40:2B:C3),3.95,13103, 2021-05-17 20:37:57.139,1.026,0.049,0.19,-4.7,-0.244,24.963,-4.68,-80.118,135.81799999999998,0.0,0.0,0.0,0.0,0.0,0.0,0.0,
WT2(D8:09:BF:40:2B:C3),3.95,13103, 2021-05-17 20:37:57.231,1.091,0.08199999999999999,0.158,4.638999999999999,-4.578,25.146,-20.198,-80.217,152.518,0.0,0.0,0.0,0.0,0.0,0.0,0.0,
WT1(E604078EA627),3.91,13104, 2021-05-17 20:37:57.324,0.953,0.10400000000000001,-0.317,-1.526,25.146,2.136,159.637,-71.279,88.715,0.0,0.0,0.0,0.0,0.0,0.0,0.0,
WT2(D8:09:BF:40:2B:C3),3.95,13103, 2021-05-17 20:37:57.339,0.965,-0.07200000000000001,0.128,11.169,-15.32,23.375999999999998,-32.728,-80.277,167.025,0.0,0.0,0.0,0.0,0.0,0.0,0.0,
WT1(E604078EA627),3.91,13104, 2021-05-17 20:37:57.398,0.991,0.018000000000000002,-0.34700000000000003,10.01,23.682,9.46,159.708,-73.12,88.02799999999999,0.0,0.0,0.0,0.0,0.0,0.0,0.0,
WT1(E604078EA627),3.91,13104, 2021-05-17 20:37:57.398,1.032,0.11900000000000001,-0.355,-2.502,16.785,11.107999999999999,161.64700000000002,-74.938,86.473,0.0,0.0,0.0,0.0,0.0,0.0,0.0,
WT2(D8:09:BF:40:2B:C3),3.95,13103, 2021-05-17 20:37:57.445,0.9570000000000001,-0.156,0.1,17.517,-15.625,18.86,-44.313,-80.085,-179.97799999999998,0.0,0.0,0.0,0.0,0.0,0.0,0.0,
WT1(E604078EA627),3.91,13104, 2021-05-17 20:37:57.474,0.9990000000000001,0.099,-0.253,23.621,16.235,6.226,164.185,-76.59100000000001,84.705,0.0,0.0,0.0,0.0,0.0,0.0,0.0,
WT2(D8:09:BF:40:2B:C3),3.95,13103, 2021-05-17 20:37:57.545,0.993,-0.192,0.1,18.616,-11.719000000000001,20.142,-54.02,-79.656,-167.59099999999998,0.0,0.0,0.0,0.0,0.0,0.0,0.0,
WT1(E604078EA627),3.91,13104, 2021-05-17 20:37:57.579,1.037,0.07,-0.17800000000000002,10.802999999999999,15.869000000000002,6.104,165.861,-78.23899999999999,84.75399999999999,0.0,0.0,0.0,0.0,0.0,0.0,0.0,
WT2(D8:09:BF:40:2B:C3),3.95,13103, 2021-05-17 20:37:57.637,1.005,-0.177,0.096,-2.319,-6.531000000000001,20.386,-62.463,-78.426,-157.53799999999998,0.0,0.0,0.0,0.0,0.0,0.0,0.0,
WT1(E604078EA627),3.91,13104, 2021-05-17 20:37:57.698,0.995,0.071,-0.187,11.902000000000001,18.127,2.0140000000000002,166.575,-80.211,84.95200000000001,0.0,0.0,0.0,0.0,0.0,0.0,0.0,
WT2(D8:09:BF:40:2B:C3),3.95,13103, 2021-05-17 20:37:57.761,1.013,-0.134,0.09,-3.6010000000000004,-2.8689999999999998,20.752,-67.742,-76.904,-150.606,0.0,0.0,0.0,0.0,0.0,0.0,0.0,
WT1(E604078EA627),3.91,13104, 2021-05-17 20:37:57.763,1.0290000000000001,0.059000000000000004,-0.18100000000000002,9.216000000000001,13.489,0.977,166.295,-81.683,85.99,0.0,0.0,0.0,0.0,0.0,0.0,0.0,
WT2(D8:09:BF:40:2B:C3),3.95,13103, 2021-05-17 20:37:57.832,1.015,-0.152,0.073,12.085,-4.0889999999999995,15.93,-70.845,-75.487,-146.173,0.0,0.0,0.0,0.0,0.0,0.0,0.0,
WT1(E604078EA627),3.91,13104, 2021-05-17 20:37:57.880,1.026,0.011000000000000001,-0.145,11.963,13.0,-0.732,164.57,-82.875,88.726,0.0,0.0,0.0,0.0,0.0,0.0,0.0,
WT2(D8:09:BF:40:2B:C3),3.95,13103, 2021-05-17 20:37:57.947,0.963,-0.212,0.076,10.559000000000001,-2.563,11.78,-72.274,-74.438,-143.44799999999998,0.0,0.0,0.0,0.0,0.0,0.0,0.0,
WT1(E604078EA627),3.91,13104, 2021-05-17 20:37:57.984,1.031,0.019,-0.126,9.094,9.094,0.42700000000000005,162.9,-83.848,91.214,0.0,0.0,0.0,0.0,0.0,0.0,0.0,
WT2(D8:09:BF:40:2B:C3),3.95,13103, 2021-05-17 20:37:58.035,0.9690000000000001,-0.22699999999999998,0.076,-2.93,-3.784,10.985999999999999,-73.998,-73.57,-140.592,0.0,0.0,0.0,0.0,0.0,0.0,0.0,
WT1(E604078EA627),3.91,13104, 2021-05-17 20:37:58.090,1.0190000000000001,0.04,-0.096,3.54,10.193,3.6010000000000004,164.822,-84.75399999999999,89.539,0.0,0.0,0.0,0.0,0.0,0.0,0.0,
WT2(D8:09:BF:40:2B:C3),3.95,13103, 2021-05-17 20:37:58.132,0.961,-0.23,0.066,3.113,-5.981,12.024000000000001,-76.146,-72.768,-137.313,0.0,0.0,0.0,0.0,0.0,0.0,0.0,
WT1(E604078EA627),3.91,13104, 2021-05-17 20:37:58.164,1.032,0.036000000000000004,-0.066,5.432,10.498,3.662,167.179,-85.781,87.72,0.0,0.0,0.0,0.0,0.0,0.0,0.0,
WT2(D8:09:BF:40:2B:C3),3.95,13103, 2021-05-17 20:37:58.238,0.971,-0.243,0.068,5.737,-5.066,12.695,-78.09100000000001,-71.79,-134.132,0.0,0.0,0.0,0.0,0.0,0.0,0.0,
WT1(E604078EA627),3.91,13104, 2021-05-17 20:37:58.268,1.026,0.053,-0.067,6.47,7.629,1.709,168.305,-86.84700000000001,87.484,0.0,0.0,0.0,0.0,0.0,0.0,0.0,
WT2(D8:09:BF:40:2B:C3),3.95,13103, 2021-05-17 20:37:58.328,0.972,-0.275,0.066,1.038,-2.563,11.414000000000001,-79.354,-70.807,-131.721,0.0,0.0,0.0,0.0,0.0,0.0,0.0,
WT1(E604078EA627),3.91,13104, 2021-05-17 20:37:58.392,1.023,0.008,-0.062,11.536,8.301,-0.42700000000000005,166.729,-87.51700000000001,89.978,0.0,0.0,0.0,0.0,0.0,0.0,0.0,
WT2(D8:09:BF:40:2B:C3),3.95,13103, 2021-05-17 20:37:58.437,0.9390000000000001,-0.33,0.061,10.498,-4.5169999999999995,8.667,-80.118,-69.939,-129.946,0.0,0.0,0.0,0.0,0.0,0.0,0.0,
WT1(E604078EA627),3.91,13104, 2021-05-17 20:37:58.494,1.0270000000000001,-0.023,-0.036000000000000004,8.606,1.465,0.366,160.477,-87.995,97.46,0.0,0.0,0.0,0.0,0.0,0.0,0.0,
WT2(D8:09:BF:40:2B:C3),3.95,13103, 2021-05-17 20:37:58.514,0.958,-0.336,0.025,4.5169999999999995,-3.235,6.409,-80.535,-69.291,-128.408,0.0,0.0,0.0,0.0,0.0,0.0,0.0,
WT1(E604078EA627),3.91,13104, 2021-05-17 20:37:58.584,1.042,0.017,-0.032,22.339000000000002,2.502,-3.113,155.116,-88.072,104.387,0.0,0.0,0.0,0.0,0.0,0.0,0.0,
WT2(D8:09:BF:40:2B:C3),3.95,13103, 2021-05-17 20:37:58.607,0.9670000000000001,-0.314,0.048,11.841,-3.235,5.981,-80.34899999999999,-68.939,-126.89200000000001,0.0,0.0,0.0,0.0,0.0,0.0,0.0,
WT1(E604078EA627),3.91,13104, 2021-05-17 20:37:58.674,1.033,0.03,-0.053,7.446000000000001,3.845,-0.8540000000000001,147.634,-88.209,112.775,0.0,0.0,0.0,0.0,0.0,0.0,0.0,
WT2(D8:09:BF:40:2B:C3),3.95,13103, 2021-05-17 20:37:58.715,0.9570000000000001,-0.361,0.044000000000000004,3.3569999999999998,-1.038,3.967,-80.585,-68.626,-126.211,0.0,0.0,0.0,0.0,0.0,0.0,0.0,
WT1(E604078EA627),3.91,13104, 2021-05-17 20:37:58.781,1.036,0.015,-0.051,7.996,0.488,-1.709,142.498,-88.226,118.43799999999999,0.0,0.0,0.0,0.0,0.0,0.0,0.0,
WT2(D8:09:BF:40:2B:C3),3.95,13103, 2021-05-17 20:37:58.814,0.9590000000000001,-0.311,0.042,4.211,-0.244,1.3430000000000002,-80.288,-68.582,-125.876,0.0,0.0,0.0,0.0,0.0,0.0,0.0,
WT1(E604078EA627),3.91,13104, 2021-05-17 20:37:58.884,1.021,0.012,-0.040999999999999995,-1.2819999999999998,-2.625,0.061,142.559,-88.165,118.43299999999999,0.0,0.0,0.0,0.0,0.0,0.0,0.0,
WT2(D8:09:BF:40:2B:C3),3.95,13103, 2021-05-17 20:37:58.949,0.951,-0.364,0.037000000000000005,-3.174,-0.42700000000000005,-1.16,-80.502,-68.692,-125.79899999999999,0.0,0.0,0.0,0.0,0.0,0.0,0.0,
WT1(E604078EA627),3.91,13104, 2021-05-17 20:37:58.989,1.038,-0.001,-0.022000000000000002,-5.249,-5.432,2.258,150.55100000000002,-87.913,110.259,0.0,0.0,0.0,0.0,0.0,0.0,0.0,
WT2(D8:09:BF:40:2B:C3),3.95,13103, 2021-05-17 20:37:59.013,0.9390000000000001,-0.353,0.038,-8.606,-1.038,-3.2960000000000003,-80.568,-69.109,-125.568,0.0,0.0,0.0,0.0,0.0,0.0,0.0,
WT1(E604078EA627),3.91,13104, 2021-05-17 20:37:59.108,1.0490000000000002,0.006,-0.009000000000000001,-0.122,-2.8080000000000003,1.6480000000000001,157.868,-87.693,102.89200000000001,0.0,0.0,0.0,0.0,0.0,0.0,0.0,
WT2(D8:09:BF:40:2B:C3),3.95,13103, 2021-05-17 20:37:59.121,0.9670000000000001,-0.303,0.047,-7.019,-1.2209999999999999,-0.6709999999999999,-80.733,-69.527,-125.052,0.0,0.0,0.0,0.0,0.0,0.0,0.0,
WT2(D8:09:BF:40:2B:C3),3.95,13103, 2021-05-17 20:37:59.211,0.9590000000000001,-0.316,0.046,-2.197,-2.075,0.488,-81.354,-69.65899999999999,-124.415,0.0,0.0,0.0,0.0,0.0,0.0,0.0,
WT1(E604078EA627),3.91,13104, 2021-05-17 20:37:59.215,1.0290000000000001,0.012,-0.019,2.258,-0.42700000000000005,1.465,163.74,-87.74799999999999,96.839,0.0,0.0,0.0,0.0,0.0,0.0,0.0,
WT1(E604078EA627),3.91,13104, 2021-05-17 20:37:59.290,1.03,0.017,-0.025,0.7929999999999999,0.061,1.099,166.377,-87.803,94.186,0.0,0.0,0.0,0.0,0.0,0.0,0.0,
WT2(D8:09:BF:40:2B:C3),3.95,13103, 2021-05-17 20:37:59.311,0.9520000000000001,-0.322,0.038,-2.0140000000000002,-0.488,0.7929999999999999,-81.705,-69.686,-123.992,0.0,0.0,0.0,0.0,0.0,0.0,0.0,
WT1(E604078EA627),3.91,13104, 2021-05-17 20:37:59.399,1.034,0.006999999999999999,-0.031,-1.526,0.61,-0.122,165.71200000000002,-87.863,94.801,0.0,0.0,0.0,0.0,0.0,0.0,0.0,
